{
  "t": [
    0.0,
    0.09292317588658758,
    1.0221549347524634,
    10.314472523411222,
    41.80076941422908,
    86.17840661151173,
    118.7440564498072,
    151.3097062881027,
    187.35774843504515,
    228.4370475700178,
    278.5483935588215
  ],
  "u": [
    [
      0.99,
      0.9897700687613326,
      0.9874768884813327,
      0.9653771612672671,
      0.9089609928820541,
      0.8759121917292295,
      0.8686422606461219,
      0.8661474627129668,
      0.8652617692832272,
      0.8649810345469291,
      0.8649045610757414
    ],
    [
      0.01,
      0.009997650487150558,
      0.009971260821892527,
      0.009436760454369938,
      0.005626842609459851,
      0.001643971854307964,
      0.0005778676052983578,
      0.0001961511215415059,
      5.866623832777841e-05,
      1.4876265757170764e-05,
      2.9294676377868774e-06
    ],
    [
      0.0,
      0.00023228075151689067,
      0.0025518506967746914,
      0.02518607827836291,
      0.08541216450848596,
      0.1224438364164625,
      0.13077987174857966,
      0.13365638616549158,
      0.13467956447844492,
      0.1350040891873136,
      0.13509250945662063
    ]
  ],
  "outputs": [
    0.13509250945662063,
    0.010000000000000002,
    0.0
  ],
  "metadata": {
    "p": [
      0.25,
      0.25
    ],
    "u0": [
      0.99,
      0.01,
      0.0
    ],
    "tspan": [
      0.0,
      10000.0
    ]
  },
  "model": {
    "name": "model-connector-tutorial",
    "modelVersion": "latest",
    "connectorVersion": "latest"
  }
}